device,performance_score,accessibility_score,best_practices_score,seo_score,first_contentful_paint,largest_contentful_paint,cumulative_layout_shift,speed_index,interactive,total_blocking_time
desktop,86.0,80.0,100,83.0,917.8366117209787,2115.524073400881,0.0013844264751835726,1771.4962049098103,2141.524073400881,15.499999999999773
mobile,65.0,75.0,96.0,83.0,3173.878560678544,6716.872349310095,0.06530299336864116,5716.8561330375705,10428.37330779919,67
